{
  "id": 1910,
  "age_ratings": [
    190479,
    33142,
    123016,
    225696
  ],
  "aggregated_rating": 77.18181818181819,
  "aggregated_rating_count": 11,
  "alternative_names": [
    12193,
    264928
  ],
  "artworks": [
    9274
  ],
  "bundles": [
    28230,
    82441
  ],
  "cover": 91109,
  "created_at": 1359326118,
  "dlcs": [
    9223
  ],
  "external_games": [
    1237030,
    81581,
    88067,
    401854,
    120584,
    188945,
    2612655,
    2583720,
    2175920,
    210757,
    2624016,
    77686,
    12619,
    245085
  ],
  "first_release_date": 1378252800,
  "game_engines": [
    351
  ],
  "game_modes": [
    1
  ],
  "genres": [
    31,
    32
  ],
  "involved_companies": [
    96570
  ],
  "keywords": [
    129,
    131,
    158,
    223,
    225,
    558,
    789,
    1158,
    1437,
    1494,
    1834,
    1836,
    1961,
    2115,
    2280,
    2498,
    3203,
    4004,
    4134,
    4138,
    4270,
    4282,
    4345,
    4359,
    4489,
    4541,
    4578,
    4580,
    4583,
    4586,
    4614,
    4615,
    4637,
    4711,
    4726,
    4781,
    4869,
    4897,
    4999,
    5025,
    5176,
    5260,
    5264,
    5323,
    5533,
    5599,
    5691,
    5812,
    5896,
    5989,
    5998,
    6137,
    6295,
    6326,
    6620,
    6621,
    6655,
    6692,
    6735,
    6846,
    7051,
    7062,
    7215,
    7303,
    7603,
    8286,
    23933
  ],
  "name": "Outlast",
  "platforms": [
    48,
    3,
    6,
    14,
    49,
    130
  ],
  "player_perspectives": [
    1
  ],
  "rating": 77.19209274170497,
  "rating_count": 671,
  "release_dates": [
    136189,
    124151,
    124149,
    124147,
    375906,
    124146,
    124150,
    124148
  ],
  "screenshots": [
    2307,
    4417,
    4416,
    298399,
    298400
  ],
  "similar_games": [
    9727,
    3188,
    2939,
    3042,
    1882,
    533,
    5647,
    19531,
    7342,
    2031
  ],
  "slug": "outlast",
  "storyline": "In the remote mountains of Colorado, horrors wait inside Mount Massive Asylum. A long-abandoned home for the mentally ill, recently re-opened by the “research and charity” branch of the transnational Murkoff Corporation, the asylum has been operating in strict secrecy… until now.\n\nActing on a tip from an anonymous source, independent journalist Miles Upshur breaks into the facility, and what he discovers walks a terrifying line between science and religion, nature and something else entirely. Once inside, his only hope of escape lies with the terrible truth at the heart of Mount Massive.\n\nOutlast is a true survival horror experience which aims to show that the most terrifying monsters of all come from the human mind.",
  "summary": "Hell is an experiment you can't survive in Outlast, a first-person survival horror game developed by veterans of some of the biggest game franchises in history. As investigative journalist Miles Upshur, explore Mount Massive Asylum and try to survive long enough to discover its terrible secret... if you dare.",
  "tags": [
    1,
    19,
    21,
    23,
    43,
    268435487,
    268435488,
    536871041,
    536871043,
    536871070,
    536871135,
    536871137,
    536871470,
    536871701,
    536872070,
    536872349,
    536872406,
    536872746,
    536872748,
    536872873,
    536873027,
    536873192,
    536873410,
    536874115,
    536874916,
    536875046,
    536875050,
    536875182,
    536875194,
    536875257,
    536875271,
    536875401,
    536875453,
    536875490,
    536875492,
    536875495,
    536875498,
    536875526,
    536875527,
    536875549,
    536875623,
    536875638,
    536875693,
    536875781,
    536875809,
    536875911,
    536875937,
    536876088,
    536876172,
    536876176,
    536876235,
    536876445,
    536876511,
    536876603,
    536876724,
    536876808,
    536876901,
    536876910,
    536877049,
    536877207,
    536877238,
    536877532,
    536877533,
    536877567,
    536877604,
    536877647,
    536877758,
    536877963,
    536877974,
    536878127,
    536878215,
    536878515,
    536879198,
    536894845
  ],
  "themes": [
    1,
    19,
    21,
    23,
    43
  ],
  "total_rating": 77.18695546176158,
  "total_rating_count": 682,
  "updated_at": 1774290148,
  "url": "https://www.igdb.com/games/outlast",
  "videos": [
    1508
  ],
  "websites": [
    14016,
    59842,
    781772,
    781771,
    146835,
    52597,
    59844,
    59843,
    66608,
    119178,
    315867,
    332361,
    59841
  ],
  "checksum": "011396d0-5642-a385-2afc-8b6348b5256b",
  "language_supports": [
    480430,
    480433,
    480432,
    480431,
    480434,
    480429,
    480436,
    480435,
    480437,
    480438,
    1231956,
    1231960,
    1231952,
    1231957,
    1231955,
    1231954,
    1231953,
    1231961,
    1231962,
    1231963,
    1231964,
    1231965,
    1231966,
    1231967,
    1231958,
    1231959
  ],
  "game_localizations": [
    25561
  ],
  "collections": [
    1228
  ],
  "game_type": 0
}